Bug编号,repair_hours,comment_count,comment_chars,files_changed_count,loc_changed,Zr,Zc,Zw,Zf,Zl,D_raw,D_100,难度等级
FLINK-34715,2.147777777777778,1.0,16.0,1.0,4.0,-0.6673690172610776,-0.8071207412433314,-0.45718295964575867,-0.3709413602330515,-0.23984609143243402,-0.5220902307664681,0.0,极低
FLINK-38065,14.71888888888889,1.0,33.0,1.0,7.0,-0.6558788866898577,-0.8071207412433314,-0.45068573798746603,-0.3709413602330515,-0.23780824875637335,-0.5165387799707418,0.3868032187141479,极低
FLINK-37713,42.1725,1.0,70.0,1.0,4.0,-0.6307859912783017,-0.8071207412433314,-0.43654472614294676,-0.3709413602330515,-0.23984609143243402,-0.5053931970230765,1.1633835248786837,极低
FLINK-38620,51.59777777777778,1.0,5.0,1.0,4.0,-0.6221711861604817,-0.8071207412433314,-0.4613870442481833,-0.3709413602330515,-0.23984609143243402,-0.5044315067864721,1.2303903115029888,极低
FLINK-36111,6.4319444444444445,2.0,82.0,1.0,5.0,-0.6634532429151362,-0.6690472559488748,-0.4319584520312108,-0.3709413602330515,-0.2391668105404138,-0.504092229603388,1.2540298088672166,极低
FLINK-35258,2.1491666666666664,1.0,37.0,2.0,12.0,-0.6673677478017163,-0.8071207412433314,-0.4491569799502207,-0.30313487502916037,-0.23441184429627224,-0.5035203666417727,1.2938749668908591,极低
FLINK-36088,14.689722222222223,2.0,92.0,1.0,2.0,-0.6559055453364455,-0.6690472559488748,-0.4281365569380975,-0.3709413602330515,-0.24120465321647447,-0.5009966374640095,1.4697184724972012,极低
FLINK-35251,9.396666666666667,1.0,36.0,2.0,30.0,-0.660743454962453,-0.8071207412433314,-0.44953916945953204,-0.30313487502916037,-0.22218478823990825,-0.4990748100485438,1.6036238348013179,极低
FLINK-38540,19.950833333333332,1.0,5.0,2.0,12.0,-0.6510968332757485,-0.8071207412433314,-0.4613870442481833,-0.30313487502916037,-0.23441184429627224,-0.4982350072611818,1.6621379841993116,极低
FLINK-36699,4.1113888888888885,1.0,5.0,2.0,101.0,-0.6655742556160371,-0.8071207412433314,-0.4613870442481833,-0.30313487502916037,-0.17395584490647253,-0.4949575762888273,1.8904964612655413,极低
FLINK-37409,52.53333333333333,2.0,18.0,1.0,6.0,-0.6213160783346936,-0.6690472559488748,-0.456418580627136,-0.3709413602330515,-0.23848752964839356,-0.48958148449700045,2.265081355502956,极低
FLINK-38440,48.27972222222222,1.0,17.0,2.0,10.0,-0.6252039245746859,-0.8071207412433314,-0.4568007701364473,-0.30313487502916037,-0.2357704060803127,-0.4876230006371892,2.4015407944225773,极低
FLINK-37839,52.09,2.0,131.0,1.0,6.0,-0.6217212897628283,-0.6690472559488748,-0.4132311660749556,-0.3709413602330515,-0.23848752964839356,-0.48542482761303624,2.5547008299375364,极低
FLINK-36895,118.37444444444444,1.0,4.0,1.0,2.0,-0.5611365956354909,-0.8071207412433314,-0.4617692337574946,-0.3709413602330515,-0.24120465321647447,-0.4802596737950131,2.914588397256529,极低
FLINK-35255,21.638333333333332,3.0,174.0,1.0,23.0,-0.6495544401517392,-0.5309737706544181,-0.3967970171745684,-0.3709413602330515,-0.22693975448404982,-0.47937515807446474,2.976217967669864,极低
FLINK-38452,20.755,1.0,5.0,3.0,102.0,-0.6503618163055416,-0.8071207412433314,-0.4613870442481833,-0.23532838982526924,-0.17327656401445232,-0.4718190871298532,3.5026952201492,极低
FLINK-36772,3.456666666666667,3.0,223.0,2.0,8.0,-0.6661726787589655,-0.5309737706544181,-0.37806973121831317,-0.30313487502916037,-0.23712896786435314,-0.46872648562780234,3.7181755079533154,极低
FLINK-36082,33.566944444444445,2.0,92.0,2.0,92.0,-0.638651561481068,-0.6690472559488748,-0.4281365569380975,-0.30313487502916037,-0.18006937293465453,-0.46797313057861273,3.7706663195597923,极低
FLINK-38204,170.81583333333336,1.0,5.0,1.0,2.0,-0.5132046029624743,-0.8071207412433314,-0.4613870442481833,-0.3709413602330515,-0.24120465321647447,-0.46104865777487525,4.2531363020815105,极低
FLINK-36184,1.7013888888888888,2.0,23.0,3.0,157.0,-0.6677770214998073,-0.6690472559488748,-0.45450763308057934,-0.23532838982526924,-0.13591611495334016,-0.4586858122021866,4.41777007196812,极低
FLINK-35274,139.33555555555557,2.0,48.0,1.0,3.0,-0.5419779149543821,-0.6690472559488748,-0.4449528953477961,-0.3709413602330515,-0.24052537232445423,-0.45700532701835095,4.534859658461346,极低
FLINK-35259,13.967777777777778,1.0,109.0,4.0,67.0,-0.656565410312462,-0.8071207412433314,-0.4216393352798049,-0.16752190462137811,-0.19705139523516008,-0.456940357217917,4.539386498174385,极低
FLINK-38550,124.9475,2.0,229.0,1.0,16.0,-0.5551287522620867,-0.6690472559488748,-0.3757765941624452,-0.3709413602330515,-0.23169472072819136,-0.4540234340834583,4.742626209497948,极低
FLINK-38393,64.46083333333334,3.0,99.0,2.0,87.0,-0.6104142152315114,-0.5309737706544181,-0.42546123037291816,-0.30313487502916037,-0.18346577739475564,-0.4431127715618417,5.502838185962562,极低
FLINK-38593,2.617777777777778,1.0,5.0,6.0,31.0,-0.6669394322132055,-0.8071207412433314,-0.4613870442481833,-0.031908934213595835,-0.22150550734788804,-0.43482961109001583,6.07997617196337,极低
FLINK-37891,150.68055555555554,1.0,26.0,3.0,4.0,-0.5316084631073394,-0.8071207412433314,-0.45336106455264535,-0.23532838982526924,-0.23984609143243402,-0.43350057699371586,6.172578031395401,极低
FLINK-37449,33.98555555555556,3.0,108.0,3.0,137.0,-0.6382689464295648,-0.5309737706544181,-0.4220215247891162,-0.23532838982526924,-0.14950173279374457,-0.4318644654915583,6.2865758345817255,极低
FLINK-36681,82.2025,4.0,204.0,2.0,4.0,-0.5941981413499527,-0.39290028535996135,-0.38533133189522845,-0.30313487502916037,-0.23984609143243402,-0.42726305073765536,6.607184285046356,极低
FLINK-35865,111.28833333333333,3.0,24.0,3.0,30.0,-0.5676133772969683,-0.5309737706544181,-0.454125443571268,-0.23532838982526924,-0.22218478823990825,-0.4177150880336595,7.272448707260347,极低
FLINK-35938,278.52194444444444,1.0,36.0,1.0,31.0,-0.4147600606267408,-0.8071207412433314,-0.44953916945953204,-0.3709413602330515,-0.22150550734788804,-0.4175311814814288,7.285262591227437,极低
FLINK-35102,172.6275,4.0,96.0,1.0,2.0,-0.5115487201715626,-0.39290028535996135,-0.4266077989008522,-0.3709413602330515,-0.24120465321647447,-0.4154863345354405,7.427739469721072,极低
FLINK-36081,72.6713888888889,4.0,267.0,2.0,171.0,-0.6029096792711056,-0.39290028535996135,-0.3612533928086146,-0.30313487502916037,-0.12640618246505705,-0.4113238856523485,7.71776250783438,极低
FLINK-35264,3.528888888888889,3.0,194.0,4.0,306.0,-0.6661066668721766,-0.5309737706544181,-0.38915322698834176,-0.16752190462137811,-0.034703262042327175,-0.4055413319748402,8.120668064805082,极低
FLINK-38141,244.98416666666665,1.0,15.0,3.0,15.0,-0.44541394971651477,-0.8071207412433314,-0.45756514915506996,-0.23532838982526924,-0.23237400162021157,-0.3983223666257951,8.623657127582362,极低
FLINK-36649,166.71833333333333,4.0,655.0,1.0,2.0,-0.5169497619702537,-0.39290028535996135,-0.21296386319581823,-0.3709413602330515,-0.24120465321647447,-0.39628235768441356,8.765796912976748,极低
FLINK-35127,53.74305555555556,4.0,1366.0,2.0,15.0,-0.6202103792309799,-0.39290028535996135,0.05877287792453803,-0.30313487502916037,-0.23237400162021157,-0.39213671143625617,9.054649209690249,极低
FLINK-35700,1.9733333333333334,7.0,540.0,2.0,130.0,-0.66752846135686,0.02132017052340874,-0.25691565676662126,-0.30313487502916037,-0.15425669903788614,-0.38949315678003826,9.238841682522581,极低
FLINK-35409,209.7227777777778,3.0,59.0,2.0,144.0,-0.4776432378736923,-0.5309737706544181,-0.4407488107453714,-0.30313487502916037,-0.14474676654960303,-0.3857252870291864,9.501372001344315,极低
FLINK-37909,35.220555555555556,6.0,1495.0,1.0,1.0,-0.6371401431654752,-0.11675331477104796,0.10807532462569971,-0.3709413602330515,-0.24188393410849468,-0.384741786455262,9.569898446340282,极低
FLINK-37741,18.860833333333336,6.0,1651.0,1.0,32.0,-0.6520931049825159,-0.11675331477104796,0.16769688807826733,-0.3709413602330515,-0.22082622645586783,-0.38160215868892755,9.788655338956064,极低
FLINK-36148,76.16444444444446,5.0,243.0,3.0,268.0,-0.5997169889773747,-0.2548268000655047,-0.37042594103208654,-0.23532838982526924,-0.060515935939095586,-0.37032155754789065,10.574643180862662,极低
FLINK-36183,6.088333333333333,1.0,43.0,3.0,1172.0,-0.6637673071611279,-0.8071207412433314,-0.4468638428943527,-0.23532838982526924,0.5535539904471846,-0.3667043801674592,10.826673849041871,极低
FLINK-37012,165.94944444444445,6.0,634.0,2.0,27.0,-0.5176525346726829,-0.11675331477104796,-0.22098984289135618,-0.30313487502916037,-0.22422263091596892,-0.350252443029999,11.972980008100583,极低
FLINK-36891,56.061388888888885,5.0,684.0,4.0,210.0,-0.618091397665057,-0.2548268000655047,-0.20188036742578963,-0.16752190462137811,-0.09991422767626842,-0.349774886121937,12.006254291878756,极低
FLINK-36864,240.1688888888889,2.0,60.0,4.0,217.0,-0.4498151653222266,-0.6690472559488748,-0.4403666212360601,-0.16752190462137811,-0.09515926143212687,-0.3470218192175477,12.198077146685103,极低
FLINK-36115,26.554444444444446,6.0,515.0,5.0,150.0,-0.6450610617963952,-0.11675331477104796,-0.2664703944994045,-0.09971541941748698,-0.1406710811974817,-0.34237631267959734,12.521757738940401,极低
FLINK-35981,85.61,8.0,555.0,3.0,88.0,-0.5910836497528793,0.15939365581786544,-0.2511828141269513,-0.23532838982526924,-0.18278649650273543,-0.3318624476637879,13.25432242858368,极低
FLINK-37860,283.94944444444445,4.0,377.0,2.0,167.0,-0.40979926733455707,-0.39290028535996135,-0.3192125467843682,-0.30313487502916037,-0.12912330603313793,-0.3302832048105166,13.364357848378255,极低
FLINK-35991,126.51722222222222,3.0,85.0,6.0,320.0,-0.5536940092919178,-0.5309737706544181,-0.4308118835032768,-0.031908934213595835,-0.025193329554044075,-0.3294124021190422,13.425031948955088,极低
FLINK-38134,196.04694444444445,5.0,233.0,5.0,53.0,-0.4901430964209097,-0.2548268000655047,-0.37424783612519985,-0.09971541941748698,-0.20656132772344318,-0.31487775620032254,14.43774881002486,极低
FLINK-38310,322.8977777777778,1.0,185.0,5.0,159.0,-0.3742000723568076,-0.8071207412433314,-0.3925929325721437,-0.09971541941748698,-0.1345575531692997,-0.3147638841540372,14.445682965553836,极低
FLINK-35540,122.41694444444445,6.0,908.0,4.0,102.0,-0.5574417072184199,-0.11675331477104796,-0.11626991734005152,-0.16752190462137811,-0.17327656401445232,-0.31415096685599025,14.488388627985834,极低
FLINK-35984,144.8361111111111,9.0,319.0,3.0,107.0,-0.5369503480997928,0.29746714111232214,-0.3413795383244254,-0.23532838982526924,-0.1698801595543512,-0.3034855003505974,15.231516312112985,极低
FLINK-36596,500.71527777777777,2.0,7.0,2.0,97.0,-0.21167296756954326,-0.6690472559488748,-0.46062266522956063,-0.30313487502916037,-0.17667296847455344,-0.299920843174134,15.479887579409457,极低
FLINK-35294,498.7283333333333,1.0,42.0,3.0,105.0,-0.21348905613185407,-0.8071207412433314,-0.44724603240366406,-0.23532838982526924,-0.17123872133839166,-0.2953502054745172,15.798351605993108,极低
FLINK-36771,506.86944444444447,2.0,35.0,3.0,10.0,-0.20604799313951458,-0.6690472559488748,-0.4499213589688434,-0.23532838982526924,-0.2357704060803127,-0.28851371711594187,16.274691179034892,极低
FLINK-36656,382.2527777777778,2.0,76.0,3.0,450.0,-0.31994896487499014,-0.6690472559488748,-0.4342515890870788,-0.23532838982526924,0.0631131864085847,-0.28767458994862105,16.33315825389036,极低
FLINK-35813,625.3377777777778,2.0,31.0,1.0,2.0,-0.09776666410475016,-0.6690472559488748,-0.45145011700608867,-0.3709413602330515,-0.24120465321647447,-0.28007244097813044,16.862846041665396,极低
FLINK-35301,489.1738888888889,3.0,76.0,3.0,7.0,-0.22222192097027724,-0.5309737706544181,-0.4342515890870788,-0.23532838982526924,-0.23780824875637335,-0.2799146391320339,16.873841052561676,极低
FLINK-35545,6.9350000000000005,1.0,4.0,15.0,65.0,-0.6629934447344645,-0.8071207412433314,-0.4617692337574946,0.5783494326214244,-0.19840995701920053,-0.2772605107913924,17.0587702580643,极低
FLINK-36514,608.5527777777777,2.0,7.0,2.0,101.0,-0.11310833437822855,-0.6690472559488748,-0.46062266522956063,-0.30313487502916037,-0.17395584490647253,-0.26008742136239593,18.255323467455167,极低
FLINK-35430,262.3963888888889,6.0,591.0,6.0,26.0,-0.42949899159546223,-0.11675331477104796,-0.2374239917917434,-0.031908934213595835,-0.22490191180798916,-0.2489298476190614,19.032739245018167,极低
FLINK-37634,0.0077777777777777776,5.0,1960.0,8.0,389.0,-0.6693250002450064,-0.2548268000655047,0.28579344645546856,0.10370403619418643,0.021677051995351197,-0.2354557686111569,19.97155998237901,极低
FLINK-37348,333.2605555555556,8.0,954.0,3.0,36.0,-0.3647283821700935,0.15939365581786544,-0.0986891999117303,-0.23532838982526924,-0.21810910288778693,-0.23136937016690928,20.256284125552593,低
FLINK-36981,235.62333333333333,7.0,1231.0,4.0,291.0,-0.4539698519199693,0.02132017052340874,0.0071772941675083655,-0.16752190462137811,-0.044892475422630494,-0.2273525417676351,20.5361609020986,低
FLINK-35323,577.7002777777778,4.0,330.0,2.0,168.0,-0.14130785073881763,-0.39290028535996135,-0.33717545372200075,-0.30313487502916037,-0.12844402514111772,-0.224581036732181,20.729268453231253,低
FLINK-37578,576.4797222222222,3.0,319.0,4.0,132.0,-0.14242345162554962,-0.5309737706544181,-0.3413795383244254,-0.16752190462137811,-0.15289813725384568,-0.20901990829152559,21.81350657208543,低
FLINK-35859,550.1827777777777,6.0,209.0,3.0,31.0,-0.1664591412809947,-0.11675331477104796,-0.3834203843486718,-0.23532838982526924,-0.22150550734788804,-0.20865894998287038,21.838656724855753,低
FLINK-36866,199.70583333333332,11.0,803.0,3.0,448.0,-0.4867988326794365,0.5736141117012356,-0.15639981581774126,-0.23532838982526924,0.06175462462454426,-0.20256700724606086,22.263119292484784,低
FLINK-36509,776.2372222222223,2.0,115.0,2.0,53.0,0.040157048800684936,-0.6690472559488748,-0.4193461982239369,-0.30313487502916037,-0.20656132772344318,-0.19954444381281375,22.473719603604845,低
FLINK-36877,715.0825000000001,3.0,132.0,3.0,10.0,-0.015739024121536705,-0.5309737706544181,-0.4128489765656443,-0.23532838982526924,-0.2357704060803127,-0.19487554273898514,22.7990302349456,低
FLINK-37362,350.8825,4.0,3566.0,3.0,51.0,-0.3486217356854811,-0.39290028535996135,0.899589798409466,-0.23532838982526924,-0.2079198895074836,-0.17879982385168183,23.91912298863437,低
FLINK-36128,104.12722222222222,4.0,207.0,15.0,234.0,-0.5741587097639571,-0.39290028535996135,-0.38418476336729446,0.5783494326214244,-0.08361148626778311,-0.17532635356311985,24.161140712858465,低
FLINK-36572,531.083888888889,8.0,582.0,3.0,41.0,-0.1839157308504394,0.15939365581786544,-0.2408636973755454,-0.23532838982526924,-0.21471269842768584,-0.17275229871641395,24.340490712793454,低
FLINK-34905,500.7752777777778,5.0,934.0,5.0,106.0,-0.21161812692513404,-0.2548268000655047,-0.10633299009795691,-0.09971541941748698,-0.17055944044637145,-0.17127600070772725,24.443353341420355,低
FLINK-36150,56.00277777777778,6.0,1254.0,12.0,312.0,-0.6181449688501051,-0.11675331477104796,0.015967652881668976,0.374929977009751,-0.030627576690205847,-0.1681981959800731,24.657802648283837,低
FLINK-36854,283.99055555555555,4.0,320.0,10.0,479.0,-0.4097616913374619,-0.39290028535996135,-0.34099734881511407,0.2393170066019687,0.08281233227717112,-0.1650433384604245,24.877620690105275,低
FLINK-36326,813.6552777777778,3.0,129.0,2.0,153.0,0.07435755345412708,-0.5309737706544181,-0.4139955450935783,-0.30313487502916037,-0.13863323852142104,-0.16133261472865207,25.136169299473032,低
FLINK-36956,383.7761111111111,4.0,51.0,11.0,331.0,-0.3185566218474895,-0.39290028535996135,-0.4438063268198621,0.30712349180585985,-0.017721239741821642,-0.13697062296678644,26.833616899122408,低
FLINK-36461,798.1130555555555,4.0,168.0,4.0,179.0,0.06015179541716187,-0.39290028535996135,-0.39909015423043637,-0.16752190462137811,-0.12097193532889529,-0.11516459224685385,28.35297520386373,低
FLINK-38188,191.20416666666665,18.0,1934.0,3.0,77.0,-0.4945694473219758,1.5401285087624323,0.27585651921337395,-0.23532838982526924,-0.19025858631495787,-0.10360016153477067,29.158739171991506,低
FLINK-34948,114.17611111111111,24.0,1371.0,3.0,152.0,-0.5649739173929024,2.3685694205291727,0.06068382547109469,-0.23532838982526924,-0.13931251941344125,-0.0627932177254677,32.00200623714808,低
FLINK-36407,1015.4988888888889,5.0,908.0,1.0,1.0,0.25884478184107096,-0.2548268000655047,-0.11626991734005152,-0.3709413602330515,-0.24188393410849468,-0.06258968917866432,32.01618730438628,低
FLINK-37507,797.8611111111111,8.0,238.0,3.0,512.0,0.0599215154890176,0.15939365581786544,-0.3723368885786432,-0.23532838982526924,0.10522860171383842,-0.04037352427971229,33.56412214279183,低
FLINK-35912,197.63583333333332,18.0,2137.0,6.0,165.0,-0.4886908349115546,1.5401285087624323,0.3534409896035741,-0.031908934213595835,-0.13048186781717838,-0.033668897853996876,34.03127409588833,低
FLINK-36560,597.4802777777778,7.0,1901.0,7.0,169.0,-0.12322871829857927,0.02132017052340874,0.2632442654061001,0.0358975509902953,-0.1277647442490975,-0.03102536761627163,34.21546486733631,低
FLINK-35079,138.81055555555557,15.0,6168.0,3.0,79.0,-0.5424577705929629,1.1259080528790624,1.8940469016375492,-0.23532838982526924,-0.18890002453091742,-0.0021547139214788784,36.22705826633109,低
FLINK-36517,724.1730555555555,14.0,1449.0,2.0,128.0,-0.007430158709796014,0.9878345675846056,0.0904946071973785,-0.30313487502916037,-0.15561526082192656,0.005734846113700936,36.776771724693255,低
FLINK-36790,996.9869444444445,9.0,1256.0,2.0,58.0,0.2419246657977218,0.29746714111232214,0.016732031900291638,-0.30313487502916037,-0.20316492326334207,0.021931326373558706,37.905278655021455,低
FLINK-36247,1411.6475,3.0,77.0,1.0,1.0,0.6209288670935618,-0.5309737706544181,-0.4338693995777675,-0.3709413602330515,-0.24188393410849468,0.02286929963966905,37.97063293658668,低
FLINK-38478,619.2488888888889,6.0,360.0,11.0,683.0,-0.10333197394479653,-0.11675331477104796,-0.3257097684426608,0.30712349180585985,0.22138563424929628,0.02440962018956991,38.07795640363638,低
FLINK-35715,1026.5619444444444,3.0,1346.0,6.0,271.0,0.2689565334377647,-0.5309737706544181,0.051129087738311416,-0.031908934213595835,-0.05847809326303492,0.04284919754064102,39.36275350147136,低
FLINK-36408,1011.7025000000001,6.0,200.0,7.0,269.0,0.25537484162282675,-0.11675331477104796,-0.3868600899324738,0.0358975509902953,-0.05983665504707536,0.05178748566929105,39.985538201394824,低
FLINK-35527,12.314166666666667,5.0,199.0,30.0,172.0,-0.6580768286280548,-0.2548268000655047,-0.3872422794417851,1.5954467106797916,-0.12572690157303684,0.05256500303204145,40.03971254781064,中等
FLINK-35055,343.0197222222222,8.0,1118.0,19.0,227.0,-0.35580839902181116,0.15939365581786544,-0.03601012038467202,0.849575373436989,-0.08836645251192465,0.0691538694170534,41.19555939733713,中等
FLINK-37774,386.3075,10.0,5804.0,7.0,56.0,-0.31624290521553955,0.4355406264067788,1.7549299202482247,0.0358975509902953,-0.20452348504738252,0.07084575756975098,41.31344349777292,中等
FLINK-37191,504.7702777777778,12.0,5893.0,3.0,23.0,-0.20796665401822037,0.7116875969956923,1.788944786576933,-0.23532838982526924,-0.22693975448404982,0.0740035161210496,41.533463672049656,中等
FLINK-36285,1438.7941666666666,2.0,57.0,4.0,56.0,0.645741211986265,-0.6690472559488748,-0.44151318976399406,-0.16752190462137811,-0.20452348504738252,0.07468144131076723,41.58069882824199,中等
FLINK-37371,796.0127777777777,6.0,2189.0,8.0,399.0,0.058232118970966994,-0.11675331477104796,0.37331484408776333,0.10370403619418643,0.02846986091555341,0.07914548870593796,41.89173606237795,中等
FLINK-36474,633.3302777777778,9.0,535.0,13.0,447.0,-0.09046143326407238,0.29746714111232214,-0.25882660431317794,0.4427364622136421,0.06107534373252403,0.08752489748757458,42.475580251387754,中等
FLINK-36114,33.83916666666667,12.0,1352.0,22.0,956.0,-0.6384027474462485,0.7116875969956923,0.0534222247941794,1.0529948290486624,0.4068293177708167,0.14542298812827587,46.50969108858861,中等
FLINK-35281,1535.5325,6.0,384.0,2.0,81.0,0.7341610876374915,-0.11675331477104796,-0.3165372202191889,-0.30313487502916037,-0.18754146274687697,0.14642044338665128,46.57918984101564,中等
FLINK-36558,1469.0869444444443,3.0,313.0,5.0,262.0,0.6734291362242404,-0.5309737706544181,-0.3436726753802934,-0.09971541941748698,-0.06459162129121691,0.14728941183817074,46.639736138979316,中等
FLINK-37905,1535.2488888888888,2.0,102.0,5.0,304.0,0.7339018640359091,-0.6690472559488748,-0.4243146618449842,-0.09971541941748698,-0.03606182382636762,0.15388642540665085,47.099390052178634,中等
FLINK-34690,646.8302777777778,26.0,2155.0,2.0,61.0,-0.07812228827199866,2.644716391118086,0.3603204007711781,-0.30313487502916037,-0.2011270805872814,0.1633019830347447,47.75542901038015,中等
FLINK-36375,1108.9452777777778,12.0,1194.0,6.0,136.0,0.3442557849140863,0.7116875969956923,-0.006963717677010877,-0.031908934213595835,-0.1501810136857648,0.17767031629123897,48.756557860418425,中等
FLINK-35149,1134.4305555555557,15.0,1915.0,3.0,106.0,0.3675496025187733,1.1259080528790624,0.26859491853645867,-0.23532838982526924,-0.17055944044637145,0.20205412462578837,50.45552555289504,中等
FLINK-37835,1970.045,1.0,5.0,2.0,59.0,1.1313101793684865,-0.8071207412433314,-0.4613870442481833,-0.30313487502916037,-0.20248564237132186,0.2195167280852548,51.67225095924295,中等
FLINK-36105,1900.095,2.0,18.0,3.0,50.0,1.0673751280947417,-0.6690472559488748,-0.456418580627136,-0.23532838982526924,-0.20859917039950385,0.22428149456405277,52.00424111429199,中等
FLINK-36858,915.9216666666666,12.0,944.0,11.0,651.0,0.16783013125529717,0.7116875969956923,-0.1025110950048436,0.30712349180585985,0.19964864570464919,0.2347778725083661,52.73558737369254,中等
FLINK-34634,810.7627777777777,14.0,1825.0,15.0,246.0,0.07171377738823272,0.9878345675846056,0.2341978626984389,0.5783494326214244,-0.07546011556354046,0.2841570948044226,56.176137029004266,中等
FLINK-34969,572.6022222222223,18.0,5982.0,7.0,506.0,-0.1459675282704952,1.5401285087624323,1.8229596529056415,0.0358975509902953,0.1011529163617171,0.3020691300604407,57.424177072173336,中等
FLINK-36964,434.3922222222222,20.0,3405.0,15.0,880.0,-0.27229295266712555,1.8162754793513458,0.8380572874103417,0.5783494326214244,0.35520396997727993,0.3543840492612666,61.06927452115517,高
FLINK-34908,1848.986388888889,13.0,1075.0,2.0,41.0,1.0206613086248522,0.8497610822901489,-0.05244426928505925,-0.30313487502916037,-0.21471269842768584,0.38000558122900696,62.854481919757866,高
FLINK-35464,232.4908333333333,8.0,1138.0,32.0,1806.0,-0.4568329905635005,0.15939365581786544,-0.028366330198445408,1.7310596810875738,0.9842180759880048,0.410767168006636,64.99782808568291,高
FLINK-35524,1487.9275,14.0,1160.0,14.0,84.0,0.6906496063524791,0.9878345675846056,-0.019958160993596128,0.5105429474175333,-0.1855036200708163,0.4728576770438534,69.32405011861252,高
FLINK-35415,366.37194444444447,15.0,1269.0,21.0,2785.0,-0.33446421710424623,1.1259080528790624,0.021700495521338937,0.9851883438447712,1.6492340692758016,0.47465736435090466,69.4494452393947,高
FLINK-35234,2477.6936111111113,9.0,548.0,1.0,41.0,1.5953064621481048,0.29746714111232214,-0.25385814069213064,-0.3709413602330515,-0.21471269842768584,0.5175412400788454,72.43742473752422,高
FLINK-36282,2996.9241666666667,3.0,121.0,2.0,24.0,2.069888766541808,-0.5309737706544181,-0.4170530611680689,-0.30313487502916037,-0.22626047359202958,0.62343003363838,79.81533867060224,高
FLINK-36636,1805.5227777777777,23.0,2260.0,6.0,360.0,0.9809351012634366,2.2304959352347162,0.4004502992488678,-0.031908934213595835,0.001977906126764778,0.647788116319349,81.51251390089655,极高
FLINK-35056,3251.8044444444445,2.0,114.0,3.0,56.0,2.3028520778840313,-0.6690472559488748,-0.4197283877332482,-0.23532838982526924,-0.20452348504738252,0.7227526465719756,86.73574700843533,极高
FLINK-36741,1384.5444444444445,16.0,1550.0,25.0,1021.0,0.596156383224804,1.263981538173519,0.12909574763782292,1.256414284660336,0.45098257575213113,0.7595212393989594,89.29763768825836,极高
FLINK-35743,843.2727777777777,34.0,9391.0,11.0,903.0,0.10142826655062653,3.74930427347374,3.1258436901479687,0.30712349180585985,0.370827430493745,0.8604910905079483,96.33281909202972,极高
FLINK-36701,1366.2858333333334,23.0,5189.0,18.0,974.0,0.5794678165689605,2.2304959352347162,1.519883372021756,0.7817688882330978,0.4190563738271807,0.865125735485583,96.65574289355679,极高
FLINK-36793,3533.46,4.0,425.0,4.0,172.0,2.560288280685741,-0.39290028535996135,-0.30086745033742435,-0.16752190462137811,-0.12572690157303684,0.8939990273132579,98.66752010725655,极高
FLINK-36999,3171.744444444444,6.0,4982.0,2.0,10.0,2.229676378027333,-0.11675331477104796,1.4407701435943105,-0.30313487502916037,-0.2357704060803127,0.9131229544239226,100.0,极高
